"d1_Y_vs_d0_Y"	"AveExpr"	"t"	"P.Value"	"adj.P.Val"	"B"	"Gene"
-2.30601592656601	11.795298286235	-20.2360154731036	4.04012653158661e-11	4.42052346620045e-07	15.37117911768	"ENSMUSG00000019929"
9.01942665293013	-1.22075285139444	19.9214028714256	4.91182917992216e-11	4.42052346620045e-07	15.0931084263235	"ENSMUSG00000040809"
10.2990830192865	0.352320033105954	20.56348290078	3.30667523292707e-11	4.42052346620045e-07	14.8288908454888	"ENSMUSG00000055541"
3.36296740090259	5.89686495807189	18.0362951954575	1.68899932757266e-10	7.29513070057331e-07	14.6116261477218	"ENSMUSG00000030560"
8.81653035868136	-4.78138918942871	23.4883976839998	6.24982886898945e-12	2.24987589454751e-07	14.1357401531704	"ENSMUSG00000033765"
9.16718682102486	-0.33675858794641	17.6093362892219	2.2717410959006e-10	7.29513070057331e-07	13.8213949775895	"ENSMUSG00000044811"
10.6532994143486	-0.198543098779477	17.5126094437233	2.43177778290729e-10	7.29513070057331e-07	13.5739340925938	"ENSMUSG00000033777"
6.58390973802846	-2.06163373285752	17.9782527518149	1.75777095206606e-10	7.29513070057331e-07	13.525544185085	"ENSMUSG00000022534"
6.36646574394788	-5.43542553498606	17.7009285286219	2.13059789318586e-10	7.29513070057331e-07	13.3793807073372	"ENSMUSG00000055561"
8.33282110409399	-1.17537752276439	17.7168188432866	2.10708536228927e-10	7.29513070057331e-07	13.2361318807149	"ENSMUSG00000040907"
5.76904136754874	0.880906458388477	18.1814308278768	1.52937688673197e-10	7.29513070057331e-07	13.1978368688703	"ENSMUSG00000030525"
8.26979433592568	-1.01346498251333	16.5789152106649	4.77889589104155e-10	1.14690315454403e-06	12.904889655057	"ENSMUSG00000028874"
-1.54247442214904	8.7333574965784	-15.8315240215128	8.42021918376484e-10	1.595365633665e-06	12.6800236999627	"ENSMUSG00000031740"
10.8444786945422	-3.83133076335714	18.0467222028844	1.67695429325223e-10	7.29513070057331e-07	12.6526433695665	"ENSMUSG00000074199"
7.4133271303523	-1.12915999163071	17.1213591787439	3.21419743535688e-10	8.90060719041632e-07	12.5915394272222	"ENSMUSG00000027843"
3.94550197693291	3.55222170859869	15.7193139951914	9.18684840438622e-10	1.6535867785475e-06	12.4882104297907	"ENSMUSG00000000031"
8.43319554104723	-0.808771129713584	15.5967840806924	1.01104696931608e-09	1.65439453856407e-06	12.441301021034	"ENSMUSG00000089929"
8.51957127287026	-0.736188645940164	15.6062169084091	1.0035936804927e-09	1.65439453856407e-06	12.4344299879759	"ENSMUSG00000030142"
-1.35149410045042	7.87422610977459	-15.1860969549565	1.40091468995709e-09	2.01726111695061e-06	12.3252730403176	"ENSMUSG00000031431"
5.1779825389836	-3.46351665889386	16.7269306840914	4.28367693012242e-10	1.10148632719626e-06	12.1517174982917	"ENSMUSG00000035448"
10.3566270472069	-1.22371241709443	16.2643738777269	6.04777109122854e-10	1.35118903298272e-06	12.054892098435	"ENSMUSG00000022126"
5.2682188809221	-5.49488054249028	16.1935417521198	6.38079212219958e-10	1.35118903298272e-06	11.9891553364369	"ENSMUSG00000050296"
-5.10686024846602	5.51668686067825	-14.3543660619621	2.78068846141774e-09	3.45179323870957e-06	11.8273479525509	"ENSMUSG00000020218"
2.87059542783111	7.09758149587511	14.1033805891854	3.44372862963533e-09	3.99905764316911e-06	11.5949249911217	"ENSMUSG00000006457"
6.42157771574143	-2.31637783178113	14.428666829325	2.61176922713342e-09	3.357895728842e-06	11.3052161275991	"ENSMUSG00000056071"
6.31432984079565	-2.74213767100468	14.2786964287816	2.96483562486668e-09	3.55770392198586e-06	11.2392631099231	"ENSMUSG00000026581"
5.90070579893927	-5.35309161225864	16.1166692940633	6.76463666463345e-10	1.35288975161189e-06	11.2102631685449	"ENSMUSG00000030484"
7.24053130980561	1.7290063149858	13.961569265901	3.89185496654391e-09	4.24554202850346e-06	11.1756542435359	"ENSMUSG00000004730"
6.37199253651463	-3.57300218388658	15.2058635028555	1.3788456116653e-09	2.01726111695061e-06	11.1274047914885	"ENSMUSG00000004359"
8.69199662123764	-0.308187109988582	13.7468005155346	4.69389215636554e-09	4.6937617704723e-06	11.0962368097634	"ENSMUSG00000032089"
5.18192940791808	-2.3738949527797	14.8828771742826	1.79152738568836e-09	2.48050747528443e-06	10.9901729122865	"ENSMUSG00000002668"
7.32641958524847	-4.14832683115606	15.460635915004	1.12550957353585e-09	1.76161822337901e-06	10.7826763891321	"ENSMUSG00000020010"
2.41717844569526	6.90133681031803	13.2167588307323	7.53805938081404e-09	6.78406499124812e-06	10.7776246958757	"ENSMUSG00000039883"
5.76403107298581	0.362430124643115	13.7537548537411	4.66531057746294e-09	4.6937617704723e-06	10.7716741856222	"ENSMUSG00000028976"
6.37933275664306	1.01094663485936	13.8430371241899	4.31450449150828e-09	4.56817197617078e-06	10.7074412275724	"ENSMUSG00000002111"
2.59055491076721	4.64985724531918	12.9440560633737	9.68121742064798e-09	8.10498013781178e-06	10.6099603080932	"ENSMUSG00000026536"
7.4483043479715	-2.46689821575986	13.3766421581591	6.52308443812205e-09	6.02114145353732e-06	10.5613576536778	"ENSMUSG00000095788"
5.63132872111089	1.94292709467395	13.0096856813771	9.11163428949592e-09	7.8097553044658e-06	10.5528039411215	"ENSMUSG00000035615"
7.11537248584571	1.0726170014458	13.486421899864	5.91163875737854e-09	5.60034430597027e-06	10.4993774669456	"ENSMUSG00000024696"
6.05892313304994	-4.52814084578174	14.0125395259496	3.72397279386323e-09	4.18935301894632e-06	10.4958579487461	"ENSMUSG00000023132"
5.84839143155987	-0.493558123585878	13.5915985538541	5.38319977703141e-09	5.23756239927983e-06	10.4340626632288	"ENSMUSG00000023349"
5.28698816541736	-5.40379460341528	14.7276097484406	2.03552801632553e-09	2.71396196517418e-06	10.4247921830971	"ENSMUSG00000041991"
6.03403864773621	1.63834212855739	12.5731626900361	1.3707550192002e-08	1.07273499861278e-05	10.1683766139252	"ENSMUSG00000062593"
6.82157481254167	0.925950123942495	12.8811097284886	1.02635142503481e-08	8.39718748859728e-06	10.1158777745394	"ENSMUSG00000024300"
9.27475604862706	-2.40235082613155	12.8237076708579	1.08273404377893e-08	8.66163174266614e-06	10.0264719272062	"ENSMUSG00000030162"
6.43042921103988	1.26738140656245	12.5129733942271	1.45154580280167e-08	1.09075597182285e-05	9.97299187873038	"ENSMUSG00000069792"
4.05366998098472	4.63837090689846	12.2305674028425	1.90507639742938e-08	1.2783552634328e-05	9.93016313411021	"ENSMUSG00000026414"
1.19494619848235	6.6333459901043	12.3013547034962	1.77867622817857e-08	1.26224516816271e-05	9.91882003533928	"ENSMUSG00000004789"
8.69603525545825	-0.501048345039544	12.2957651727451	1.78832260141614e-08	1.26224516816271e-05	9.84217179561521	"ENSMUSG00000038179"
8.0643098094936	-0.949876084300236	12.2757689604695	1.8232936677258e-08	1.26224516816271e-05	9.84160340464734	"ENSMUSG00000030144"
8.57912524165169	-1.85846929620901	12.0542757029516	2.26365661383341e-08	1.48162498984343e-05	9.62429097674292	"ENSMUSG00000030117"
7.11625308189737	-1.60966399381655	12.5109263817057	1.45438169525533e-08	1.09075597182285e-05	9.58614917053356	"ENSMUSG00000034226"
-3.60107846995394	2.86087351448127	-11.9017546651005	2.63247430521749e-08	1.60621089005974e-05	9.58065172077432	"ENSMUSG00000000402"
-2.29002088250843	4.3036563180831	-11.6610704222736	3.3517284116633e-08	1.77710244157939e-05	9.34133860887784	"ENSMUSG00000028766"
5.53174699802194	-1.8052676123741	13.1083265670422	8.32210694552785e-09	7.30701287639164e-06	9.32819443261324	"ENSMUSG00000001249"
2.82403707421559	7.62560876603987	11.826025456022	2.8390765551241e-08	1.64845027270827e-05	9.31584304189867	"ENSMUSG00000067276"
7.61890133987968	-2.12567039707259	11.9815092818844	2.43218916885936e-08	1.56350674803157e-05	9.31051574898623	"ENSMUSG00000043157"
9.81582098902695	1.81856622522617	12.2238370178901	1.91758616143147e-08	1.2783552634328e-05	9.30141332650605	"ENSMUSG00000040552"
4.43020494475152	0.0309556358176691	11.9272149965469	2.56668154049932e-08	1.59306842717992e-05	9.29375610732556	"ENSMUSG00000022176"
4.27722522900766	-0.104287487370562	11.7393064937807	3.0972077211382e-08	1.68933910232203e-05	9.2749853714397	"ENSMUSG00000015355"
6.00566694067885	1.26470927887404	11.7705743939461	3.00134792684229e-08	1.68821131278743e-05	9.24553406997891	"ENSMUSG00000034652"
2.84131812518308	4.2633828707273	11.5042772933809	3.93180437751688e-08	1.95360786519252e-05	9.22331378164041	"ENSMUSG00000029552"
4.65507726539518	-5.60886428261226	11.8365915699753	2.80923611053529e-08	1.64845027270827e-05	9.21891956248274	"ENSMUSG00000090314"
-3.01218704401912	3.51238339564259	-11.4969073099034	3.96159265976983e-08	1.95360786519252e-05	9.21840958871917	"ENSMUSG00000047420"
6.55708178440613	-4.05553720648205	12.2999223108208	1.7811429150625e-08	1.26224516816271e-05	9.21680020087692	"ENSMUSG00000005824"
5.41340876168999	-2.55605721370769	11.8840074617772	2.67940291053389e-08	1.60759708960516e-05	9.18103529236904	"ENSMUSG00000078763"
5.68887539892012	3.44749277563646	11.4282945382675	4.25080269723374e-08	2.06790062564483e-05	9.14891600351062	"ENSMUSG00000070802"
7.11383665668784	-5.51164716530863	11.6595644287857	3.35684230193612e-08	1.77710244157939e-05	9.14823135601227	"ENSMUSG00000059832"
6.88943545008018	-1.29551120418801	11.5227081549033	3.85835481729501e-08	1.95360786519252e-05	9.12146768335773	"ENSMUSG00000028859"
8.31799834802893	-3.63258493031076	11.7456362579163	3.07754064352289e-08	1.68933910232203e-05	9.09850861000261	"ENSMUSG00000030278"
7.54746199701519	-3.9542118338934	11.9323422340276	2.55364647603301e-08	1.59306842717992e-05	9.05582792522061	"ENSMUSG00000067149"
-2.36517813331181	8.11828587846883	-11.7727864299166	2.99468780772862e-08	1.68821131278743e-05	9.03336285521351	"ENSMUSG00000023046"
3.66051524296961	3.64203312856293	11.2992128903912	4.85801003279918e-08	2.13272564842363e-05	8.95513675901095	"ENSMUSG00000061859"
6.74404037885638	2.51957340020656	11.2661653423253	5.02797245324378e-08	2.18074675113642e-05	8.91832093455261	"ENSMUSG00000058715"
7.13482756571713	-1.54837271044705	11.5691541121128	3.67970023364653e-08	1.91979027117452e-05	8.90350559200264	"ENSMUSG00000000204"
1.77987295368638	7.53321194904083	11.4023715956765	4.36588628041524e-08	2.06799395011406e-05	8.87657783015086	"ENSMUSG00000005087"
5.30871927033589	-2.03205218227412	11.4051786249765	4.3532650447378e-08	2.06799395011406e-05	8.81892553219611	"ENSMUSG00000024512"
5.54089014379023	-0.116526430054613	11.3301444324341	4.70449481589335e-08	2.11696386096681e-05	8.7820998544664	"ENSMUSG00000025044"
1.73125845753627	4.92125217481104	11.0506680719043	6.30488696722331e-08	2.55022051610193e-05	8.75081738913179	"ENSMUSG00000074221"
4.27879339294196	-3.24058563835009	11.3153026087317	4.77749721784166e-08	2.12327311537138e-05	8.70925911231574	"ENSMUSG00000029553"
-2.46992542184249	5.57123549213584	-11.1672844828358	5.5756557809712e-08	2.38950038641883e-05	8.70162417207812	"ENSMUSG00000000149"
10.0583629326675	-0.0888425422258387	10.9613871242132	6.93202836815257e-08	2.68329128199058e-05	8.65734985259516	"ENSMUSG00000049723"
-2.6903040591404	3.35703789507985	-10.9507706516784	7.0109320316508e-08	2.68496321497231e-05	8.64661544620529	"ENSMUSG00000030513"
7.06324888658764	-5.10855150729804	11.5053822770252	3.92735893045898e-08	1.95360786519252e-05	8.61610629169761	"ENSMUSG00000051748"
2.04250066249617	4.27977317981057	10.8995974619843	7.40498031408806e-08	2.80601985607217e-05	8.60164378026614	"ENSMUSG00000028328"
5.41916764068004	-5.66504098657054	11.1280252149571	5.8105248029573e-08	2.46085979272541e-05	8.58616543610387	"ENSMUSG00000031372"
-5.13234883359641	6.50142068404087	-11.0758338936829	6.13929394039323e-08	2.5150774039222e-05	8.57777249074664	"ENSMUSG00000019932"
6.06231131013029	-2.5885290992742	11.091118805485	6.04099529286991e-08	2.5150774039222e-05	8.57121488187362	"ENSMUSG00000078780"
2.83077249585024	7.70747706849342	11.0744715900136	6.14813776897008e-08	2.5150774039222e-05	8.56523555677402	"ENSMUSG00000027107"
3.32878974912726	4.09724868043833	10.8766763608303	7.5891062267443e-08	2.81973885427396e-05	8.55758413105463	"ENSMUSG00000037568"
5.62800594458989	1.40617064536937	11.3569566576539	4.57562419091056e-08	2.11176788780243e-05	8.48338913405819	"ENSMUSG00000022148"
2.28143907320397	4.49261736538356	10.7944647060968	8.29088834343584e-08	3.00344259548003e-05	8.47929946837863	"ENSMUSG00000028599"
-3.07807192276486	8.65761465905206	-11.3886783717782	4.42801940504913e-08	2.07018533197875e-05	8.43379301895891	"ENSMUSG00000106106"
5.77159075536961	-2.5417772429588	11.3364312353769	4.67393290294412e-08	2.11696386096681e-05	8.40271410182331	"ENSMUSG00000049625"
3.66766720644886	4.23652484265998	10.6969614990293	9.21438823664541e-08	3.2520466875588e-05	8.38674537919332	"ENSMUSG00000020722"
6.29231914278333	2.29408655553687	11.0139563104951	6.55508404841797e-08	2.59314802921976e-05	8.37897307696486	"ENSMUSG00000055489"
6.26617885067004	-0.000242658517708117	10.9997266449663	6.65490142514079e-08	2.60401952612656e-05	8.36412136559757	"ENSMUSG00000033220"
3.21068359920258	4.12442348646558	10.6448767829313	9.75229024802217e-08	3.36160700002952e-05	8.330849485027	"ENSMUSG00000044033"
-2.38149496078082	4.87129873574953	-10.7146264594668	9.03923645925575e-08	3.22181656729453e-05	8.31143923463916	"ENSMUSG00000044345"
1.64061452258344	6.80395696710979	10.8291265766536	7.98688647338275e-08	2.93387679750312e-05	8.28522720934207	"ENSMUSG00000003363"
3.82640149349892	-5.80190000415657	10.87560386577	7.59784074181433e-08	2.81973885427396e-05	8.24113461429425	"ENSMUSG00000074155"
7.45866785529036	2.90037422984431	10.6312645894741	9.89834000953164e-08	3.36160700002952e-05	8.19313753300735	"ENSMUSG00000026253"
3.70648687073612	2.62468376423853	10.5167427501581	1.12238655982611e-07	3.67316306974364e-05	8.14074474078638	"ENSMUSG00000001128"
1.49336399953084	4.97385592213986	10.4820716535963	1.16616789275735e-07	3.78206107850196e-05	8.11050784294481	"ENSMUSG00000031066"
6.59262314187852	0.222552951980641	11.0343401389267	6.41487895538119e-08	2.56588030571964e-05	8.09352096782382	"ENSMUSG00000021457"
2.18409383976836	5.44160198981565	10.4493716437805	1.20913715417126e-07	3.88640432259027e-05	8.06981482640734	"ENSMUSG00000044700"
1.88691296749153	5.46157496792166	10.4255173997114	1.24154960789207e-07	3.92057406443039e-05	8.03671152328344	"ENSMUSG00000033444"
1.56849960880206	5.19988246936716	10.4097325937238	1.26350763524432e-07	3.95521837923134e-05	8.02603894498916	"ENSMUSG00000061374"
5.00601234398909	-2.37003499702347	10.7886455539111	8.34312785210709e-08	3.00344259548003e-05	7.93668912859817	"ENSMUSG00000003882"
2.81228274201994	5.1775506327837	10.312808874127	1.40777489261979e-07	4.10338701435015e-05	7.91661744669391	"ENSMUSG00000051747"
1.70010128089401	4.77267986765073	10.2894366074239	1.44513675261767e-07	4.10338701435015e-05	7.90805570538839	"ENSMUSG00000031934"
1.84292085615811	5.83286406790249	10.3106274561834	1.41121791207686e-07	4.10338701435015e-05	7.89814389430808	"ENSMUSG00000026496"
5.64018684129181	-0.0960955542068353	10.4370588244988	1.22575293180594e-07	3.90494511434356e-05	7.89304893725823	"ENSMUSG00000101389"
5.1358802763827	1.46721269652792	10.2736883805837	1.47090819206285e-07	4.13681437547425e-05	7.87772154671245	"ENSMUSG00000020333"
5.78359154127703	-1.50856596412634	10.6507485322421	9.69000355532013e-08	3.36160700002952e-05	7.87686095038066	"ENSMUSG00000052336"
-3.23946594232745	4.15234563245966	-10.2879036992265	1.44762396406142e-07	4.10338701435015e-05	7.86375835308492	"ENSMUSG00000036459"
4.65843946815122	-0.694643222396289	10.393858502205	1.28600925286047e-07	3.99095233566585e-05	7.82283518976046	"ENSMUSG00000030148"
2.0193894438176	5.10407919884595	10.2052864379858	1.58868631850333e-07	4.41253937176102e-05	7.82164437820936	"ENSMUSG00000047824"
-2.3728037209802	5.14603580104915	-10.3279364350402	1.38414419065658e-07	4.10338701435015e-05	7.80523066760109	"ENSMUSG00000040782"
1.4220102046832	4.78463009599754	10.1811827204717	1.632559000078e-07	4.41883394314346e-05	7.79204654614898	"ENSMUSG00000033417"
6.50847598954879	-0.349758742567836	10.3823981562034	1.30252057354432e-07	4.00764428436084e-05	7.78066862461514	"ENSMUSG00000048621"
4.34038715737318	-5.00762367334856	10.5818284794168	1.04487547741862e-07	3.48282151033267e-05	7.75105388043034	"ENSMUSG00000099924"
6.86528466066576	-1.72535896532494	10.1921192465711	1.61249432290363e-07	4.41883394314346e-05	7.7275841813606	"ENSMUSG00000053318"
2.00968757833191	5.90746195083433	10.1426592257899	1.70538941995819e-07	4.54757879474628e-05	7.70964810621862	"ENSMUSG00000059248"
5.01409703471239	-4.68752556281768	10.5220491376165	1.11584247897619e-07	3.67316306974364e-05	7.65806764119941	"ENSMUSG00000040205"
5.43476256311555	2.87948216883326	10.1812086446855	1.63251112387446e-07	4.41883394314346e-05	7.64303890681925	"ENSMUSG00000025473"
-4.67105381132372	-1.01032855903983	-10.295926365009	1.43465734330828e-07	4.10338701435015e-05	7.61591475027413	"ENSMUSG00000024517"
8.34795554892432	-1.61551714559394	10.0963222423166	1.79762297181379e-07	4.72354958849085e-05	7.58966478210947	"ENSMUSG00000020399"
7.79697648600002	-0.777122624606104	10.6128033054628	1.01001674633693e-07	3.3980927898489e-05	7.58842324309399	"ENSMUSG00000031285"
1.23554437506528	6.7820816459018	10.1613257599181	1.66967503137026e-07	4.48556951151478e-05	7.56330732980611	"ENSMUSG00000035268"
-3.40993245951253	7.96241308959941	-10.3648457759322	1.3282499389368e-07	4.05217538574457e-05	7.55809997406289	"ENSMUSG00000031250"
1.39265278679476	7.0226269071081	10.1338521733726	1.72252257772003e-07	4.55949193201054e-05	7.51337826783056	"ENSMUSG00000024381"
7.14920335998564	-4.7799585096171	10.6371010535121	9.83543409753696e-08	3.36160700002952e-05	7.51199876089185	"ENSMUSG00000027912"
7.45034101319265	-0.296117310544872	9.89827482125489	2.25638952345824e-07	5.37932228178629e-05	7.47949892742715	"ENSMUSG00000078949"
4.15996989274327	2.43256557944885	10.0399443908529	1.91709209717081e-07	4.89456726284058e-05	7.47402815928528	"ENSMUSG00000039126"
2.62075690521191	3.64395600310622	9.8542555465935	2.37446689513922e-07	5.50749935911014e-05	7.45192502224763	"ENSMUSG00000038545"
-2.83755024029318	3.7471898420549	-9.92111836282704	2.19760112634897e-07	5.31403575711855e-05	7.43870643240329	"ENSMUSG00000027357"
7.50698995152765	-2.94988614768738	10.3200202795488	1.39645662388339e-07	4.10338701435015e-05	7.42632645507462	"ENSMUSG00000103195"
2.43222333468488	4.49626242336487	9.86602962671999	2.34225080678289e-07	5.47523940216735e-05	7.40457468484813	"ENSMUSG00000037095"
2.96339740814576	3.098475774936	9.80772462224518	2.50649347034505e-07	5.63945365243447e-05	7.38176036936899	"ENSMUSG00000047686"
2.44501530096432	4.59500049245978	9.81489489824483	2.48564755341672e-07	5.63945365243447e-05	7.38131978748366	"ENSMUSG00000079017"
2.57739726767391	5.13722855522768	9.86779745070623	2.33745417611042e-07	5.47523940216735e-05	7.37529508823438	"ENSMUSG00000026950"
3.31743919529319	2.47662472915461	9.92037765853067	2.19948145173661e-07	5.31403575711855e-05	7.35057600760083	"ENSMUSG00000046179"
4.58847692658462	1.67496751361193	10.0587347167866	1.87635735741264e-07	4.85949557622286e-05	7.34608358533888	"ENSMUSG00000060913"
1.12897905847556	6.94875449862852	9.97323296533451	2.06952173075792e-07	5.13798019210719e-05	7.3247628402834	"ENSMUSG00000001864"
1.58201030050936	7.36503681387422	10.0675631455185	1.8575389400004e-07	4.84561915225177e-05	7.29198422589348	"ENSMUSG00000030730"
1.9430626868261	6.25400755301927	9.84984761393292	2.38664935142971e-07	5.50749935911014e-05	7.28968667116055	"ENSMUSG00000041548"
-1.84402742216333	7.51267253492739	-10.20262878407	1.59346125817087e-07	4.41253937176102e-05	7.27348238950792	"ENSMUSG00000023886"
4.5356339958475	4.7962448110143	9.68142626224185	2.90599843876329e-07	6.2564732075497e-05	7.25669726503512	"ENSMUSG00000042451"
2.13162743486761	3.70602290063871	9.67741015747924	2.9197686015399e-07	6.2564732075497e-05	7.24972187869984	"ENSMUSG00000023800"
1.69821034591046	4.47334442650738	9.73345995283977	2.73372683202187e-07	6.02408911687341e-05	7.24723181008453	"ENSMUSG00000059182"
3.07735105431201	7.5587070456571	10.008949188704	1.98636491832363e-07	5.01406473884181e-05	7.24238180248273	"ENSMUSG00000037206"
3.5221726470717	7.86315470615943	9.93815872362224	2.15481403043129e-07	5.28318513502444e-05	7.22863755865683	"ENSMUSG00000050335"
2.47406737809537	6.10057812346931	9.74545005397321	2.69559794105898e-07	5.9900512518631e-05	7.22044399237865	"ENSMUSG00000023232"
7.69472291668694	-1.8962581181661	9.77978007845441	2.58953578478467e-07	5.79010551033935e-05	7.21165882045055	"ENSMUSG00000047798"
2.35069947731984	5.46526159135721	9.70743915719585	2.81847007663141e-07	6.14921844173662e-05	7.17734679614961	"ENSMUSG00000020061"
6.15594445197381	-1.68967940956874	9.99701289061288	2.01375132605493e-07	5.03423847129524e-05	7.09410304276319	"ENSMUSG00000042367"
2.28702016067279	3.16017199558616	9.53433375542532	3.45879166280097e-07	7.1150309182384e-05	7.07387970978404	"ENSMUSG00000038859"
5.65492071135651	-3.47429701028674	9.65353785832355	3.00307217924601e-07	6.39689913495131e-05	7.06605072624196	"ENSMUSG00000052212"
5.80128952392525	1.53460722303684	9.68864476067785	2.88142220627317e-07	6.24869385564022e-05	7.05739141094657	"ENSMUSG00000036067"
5.62510091422177	0.509935543009523	9.54080266691229	3.43225431080134e-07	7.11125488982853e-05	7.05690524777271	"ENSMUSG00000024679"
2.01904109504656	3.26788296723727	9.44656070281576	3.84134793954056e-07	7.60037417301098e-05	6.97874838158199	"ENSMUSG00000019832"
6.21464794017111	0.439889548299906	9.93713447831333	2.15736052348285e-07	5.28318513502444e-05	6.94700479971999	"ENSMUSG00000041649"
7.19373675438851	-2.43169675112342	9.52379796433791	3.50248267660662e-07	7.1412501047512e-05	6.94515509722236	"ENSMUSG00000003206"
2.55720244925489	3.94776423569082	9.44630676662753	3.84251812408122e-07	7.60037417301098e-05	6.94174539331448	"ENSMUSG00000054203"
5.98208339489343	-1.14860794566125	10.0408608612512	1.91508354865673e-07	4.89456726284058e-05	6.91755068196864	"ENSMUSG00000052760"
2.21487819027133	2.77081361225465	9.42039348992668	3.96395592221946e-07	7.67195963677303e-05	6.91470836668346	"ENSMUSG00000002227"
6.31223554118815	-1.96941492986662	10.3132845156009	1.407025362042e-07	4.10338701435015e-05	6.90235206931871	"ENSMUSG00000032564"
3.11084691452445	4.73579294821403	9.43182892504737	3.90986820676053e-07	7.67195963677303e-05	6.89687186468395	"ENSMUSG00000019817"
2.67876103612674	6.78278764087401	9.51698486658094	3.53104952539158e-07	7.1412501047512e-05	6.89211325706057	"ENSMUSG00000020649"
2.30316599475935	6.83588558562434	9.61811098269772	3.13140870215301e-07	6.60654930236061e-05	6.86613712025756	"ENSMUSG00000068614"
3.13407239739738	2.43852480389538	9.39988308564347	4.06297824577035e-07	7.82155903045384e-05	6.85443651557935	"ENSMUSG00000032122"
1.66673366357865	10.6503893181375	10.2882010664761	1.44714111492277e-07	4.10338701435015e-05	6.85330853350045	"ENSMUSG00000002985"
2.42983391683894	3.34396025912446	9.33408509171137	4.39887687776311e-07	8.24766503763511e-05	6.85177637572346	"ENSMUSG00000026564"
6.33488454728002	2.40264540547172	9.33566099579613	4.39049420121343e-07	8.24766503763511e-05	6.84895017152987	"ENSMUSG00000028581"
3.50171433934541	-5.85511084468777	9.54029666236626	3.43432222913685e-07	7.11125488982853e-05	6.83407442217699	"ENSMUSG00000110245"
10.0901531845603	-1.96044324888795	9.42113488933867	3.96042512005019e-07	7.67195963677303e-05	6.8273420628104	"ENSMUSG00000040522"
2.38750368994521	4.10871216529211	9.27933997913075	4.70095141753017e-07	8.63416071835043e-05	6.78677363870933	"ENSMUSG00000015944"
6.1668447554638	0.0248244983403023	9.31248202033272	4.51552816359869e-07	8.37909785367985e-05	6.74281392221032	"ENSMUSG00000018930"
4.71627220566706	-0.0826514270629723	9.44990981322198	3.82595017479948e-07	7.60037417301098e-05	6.74057639502603	"ENSMUSG00000034266"
-1.02651424054895	9.48791639498451	-10.0065868480798	1.9917532644084e-07	5.01406473884181e-05	6.73943729478354	"ENSMUSG00000024190"
-1.48884002933018	4.34759481074043	-9.32454219888231	4.45000455258032e-07	8.30029605639062e-05	6.72069872218242	"ENSMUSG00000047409"
5.10726654602149	-0.45905257710856	9.30402282943467	4.56210150518503e-07	8.42210728641826e-05	6.71705862676506	"ENSMUSG00000026358"
1.16453772366758	7.35307884052358	9.50446753176989	3.58418435493619e-07	7.20821522867865e-05	6.6725954872598	"ENSMUSG00000021493"
-2.10390729271266	3.57208271519473	-9.19254629345254	5.22614350557973e-07	9.26778029839234e-05	6.60798477455591	"ENSMUSG00000039914"
5.79292941508103	-2.11640394562184	9.89089569723187	2.27573719966529e-07	5.38975417439149e-05	6.58311883121971	"ENSMUSG00000061531"
6.06265376391147	0.067820157500519	9.16385851698375	5.41322931590744e-07	9.54855938411872e-05	6.56722500540099	"ENSMUSG00000022901"
6.68877049492074	-1.98704498096623	9.80775838593384	2.50639487367683e-07	5.63945365243447e-05	6.56400849464879	"ENSMUSG00000105954"
5.80199566593621	-1.46075504535206	9.33833531573276	4.37630773982525e-07	8.24766503763511e-05	6.5571533623178	"ENSMUSG00000025058"
2.68032225491882	-5.59617053692814	9.23830562060759	4.94186354065756e-07	8.99827789843655e-05	6.54019041952708	"ENSMUSG00000023968"
7.14019984876187	-5.21021004606927	9.2265890698773	5.01304491044948e-07	9.05347421145624e-05	6.53866053086746	"ENSMUSG00000071858"
1.26875503164319	4.81121606016251	9.1416306176353	5.56309817597867e-07	9.72164908917749e-05	6.53559265926001	"ENSMUSG00000025157"
-2.17726050942414	6.4844357103383	-9.37644325271511	4.17938697459724e-07	8.00285913290032e-05	6.52214735736035	"ENSMUSG00000027188"
5.6575357615901	-5.38327725395264	9.10609417849436	5.81197000459772e-07	0.000100588994324766	6.51892006266013	"ENSMUSG00000036731"
-2.95938774241451	1.50788167491887	-9.04444216009839	6.27235383920488e-07	0.000104885899013805	6.50542544368662	"ENSMUSG00000092118"
3.104882203079	3.80008385153285	9.07832052249191	6.01474131478487e-07	0.000103048097984259	6.50129847810385	"ENSMUSG00000072620"
-2.940373218399	6.91988552671856	-9.42832612693169	3.92635165681104e-07	7.67195963677303e-05	6.49890846293886	"ENSMUSG00000052957"
2.47250234609685	2.80943650274006	9.029237337607	6.39177603110189e-07	0.000105549332726439	6.48202001705459	"ENSMUSG00000022012"
2.60006856077531	4.88521702450798	9.07494016945753	6.03993129661344e-07	0.000103048097984259	6.46778273695683	"ENSMUSG00000061086"
5.04688255586745	-0.243315069575232	9.61628019998299	3.13819809079048e-07	6.60654930236061e-05	6.45657970077296	"ENSMUSG00000079685"
-1.22953028217713	9.42956383562745	-9.7301407600791	2.74438349722836e-07	6.02408911687341e-05	6.43076328311254	"ENSMUSG00000028525"
2.6057787911017	4.62050084809655	9.00446709677265	6.59155172568134e-07	0.000107858759351274	6.42808009085847	"ENSMUSG00000008855"
2.8176037831337	4.1429051883581	8.99014811909976	6.71006573284962e-07	0.000109301201953327	6.42370270039464	"ENSMUSG00000074001"
5.57159951283027	-0.296725940092328	9.16021079407845	5.43752513609916e-07	9.54855938411872e-05	6.42330411102393	"ENSMUSG00000030798"
-4.4788782794426	-0.638804942133023	-9.12847111098216	5.65390597971088e-07	9.83260682915999e-05	6.41199596585106	"ENSMUSG00000023153"
4.00289247492226	4.726988223149	9.05513061085517	6.18983024555187e-07	0.000104885899013805	6.40908655178143	"ENSMUSG00000051439"
-1.09066611104886	8.63369096165042	-9.53959254327568	3.43720200791734e-07	7.11125488982853e-05	6.37320927040007	"ENSMUSG00000028214"
-1.45542217289353	8.54603692091576	-9.51792722472983	3.52708349953898e-07	7.1412501047512e-05	6.36569589648025	"ENSMUSG00000024750"
1.89643761515143	5.44646325088923	9.01136479967472	6.5352601367393e-07	0.00010742594961757	6.33197408513408	"ENSMUSG00000025171"
4.67813767631696	-0.404226658115959	8.90979800826774	7.41866199942748e-07	0.000118695294807729	6.28827131998704	"ENSMUSG00000015950"
6.0605618019443	-3.29240198006454	9.04906599277828	6.23651091876257e-07	0.000104885899013805	6.2599137934907	"ENSMUSG00000029671"
3.80709854196688	4.11688459500099	8.87140580306566	7.78503941196984e-07	0.000124006032651107	6.25299342214284	"ENSMUSG00000018774"
7.29983550804982	-3.07092702829934	9.04277511724433	6.28533022781578e-07	0.000104885899013805	6.23493057938066	"ENSMUSG00000042817"
1.29518235103458	7.76645989841634	9.22384922230411	5.02984761324272e-07	9.05347421145624e-05	6.23399305214128	"ENSMUSG00000031508"
4.52098846149159	-2.63526851428725	8.97227824179328	6.86116694538182e-07	0.000111259076066126	6.19508148023928	"ENSMUSG00000095028"
2.66058840758691	8.51821251960218	9.23709133405869	4.94919032164903e-07	8.99827789843655e-05	6.16789129364681	"ENSMUSG00000029304"
4.6489031465842	-5.57124687893929	8.8143601664665	8.36550085880837e-07	0.000131081660529594	6.1650695270412	"ENSMUSG00000090145"
4.41011373226981	0.449915576963786	8.82193627626352	8.2858224941013e-07	0.000130825142089979	6.14927009551853	"ENSMUSG00000060224"
3.93704674884683	0.825955702376021	8.80678269561707	8.44601122908164e-07	0.000131081660529594	6.10618682405756	"ENSMUSG00000000202"
5.88051465421632	-2.90823178543055	8.75834352125542	8.98059603186919e-07	0.000136086250727581	6.06220674847419	"ENSMUSG00000030156"
6.44434143224701	-0.107040553162434	8.78330301406948	8.70077153329331e-07	0.000133854305310695	6.0437408743848	"ENSMUSG00000022372"
7.88192614903685	-1.96302179975613	9.0417493952576	6.29332875551593e-07	0.000104885899013805	6.02757311637897	"ENSMUSG00000087591"
5.60404306365192	2.31091934790846	8.68127483818944	9.90685853296205e-07	0.000147370661292604	6.01337230265625	"ENSMUSG00000009185"
2.94463899870003	5.40979526516141	8.71709591543986	9.46426878617352e-07	0.000141960088347275	5.97545477281662	"ENSMUSG00000026418"
2.0907697834422	5.41601214875436	8.70194705357011	9.64881406728116e-07	0.000144127658758529	5.96877987365118	"ENSMUSG00000024045"
2.35333819484796	4.09109286050857	8.59866976371531	1.10138053608741e-06	0.000159268196745955	5.94179795187887	"ENSMUSG00000005470"
1.52071543619774	7.54081208839837	8.94789852648515	7.07319315600146e-07	0.000114182906019236	5.93146986407691	"ENSMUSG00000030096"
6.19943184824513	-1.7478909961681	8.92253735975339	7.30118950060032e-07	0.000117337286085764	5.93096269855973	"ENSMUSG00000051506"
6.13193550905513	-0.828232576811024	8.77448832003578	8.79851764805109e-07	0.000134210947801776	5.9253535715495	"ENSMUSG00000092021"
5.20357335390059	-1.97742063826462	8.59368873813408	1.10846379956099e-06	0.000159268196745955	5.92190944536801	"ENSMUSG00000074570"
2.97483128002038	1.32922675327124	8.6359822712632	1.04982998581862e-06	0.000154888646145429	5.90932316676599	"ENSMUSG00000043807"
1.62849806924463	6.053213169416	8.75690062957911	8.99706316096679e-07	0.000136086250727581	5.9018451550553	"ENSMUSG00000032633"
-4.27896437238954	7.8125526161774	-9.21577699202395	5.07970264194159e-07	9.09772215956494e-05	5.89886519482979	"ENSMUSG00000056501"
-2.06270423442644	3.21149615273174	-8.59227425165456	1.11048410742617e-06	0.000159268196745955	5.88498084219422	"ENSMUSG00000040957"
4.14140908351955	-4.22570498501952	8.6445297060639	1.0383868331628e-06	0.000153830813197644	5.87284961839596	"ENSMUSG00000029736"
5.0136552235357	-4.23580629381556	8.72082950646787	9.41936608135518e-07	0.000141877723666404	5.86657491613549	"ENSMUSG00000039193"
7.91134372925453	-1.45993590870382	8.80835138084177	8.42927644351678e-07	0.000131081660529594	5.86207693161617	"ENSMUSG00000026413"
5.41637145297809	1.33662178557729	8.52197435636885	1.21600722911619e-06	0.000169346374452101	5.85903093346617	"ENSMUSG00000030579"
-2.20574914281833	2.17939289315862	-8.52046489566385	1.21838692694503e-06	0.000169346374452101	5.84374690084023	"ENSMUSG00000021752"
-4.15296399971766	-4.51417225607459	-9.09787296518451	5.87122088972212e-07	0.000101128268329716	5.84118295995165	"ENSMUSG00000108741"
6.27593509605164	-3.70057258404204	8.55647221521288	1.16294889790785e-06	0.000164519161818166	5.82834059051169	"ENSMUSG00000059994"
1.75143817532521	3.56572573610155	8.50395663244098	1.24473885295967e-06	0.000170377771740286	5.82631993514858	"ENSMUSG00000054051"
5.35104915113611	-2.93429967124995	8.60763319445731	1.08875531021304e-06	0.000158680576568256	5.82079573023992	"ENSMUSG00000110235"
6.10159905993199	-1.38391835235171	8.84274903279833	8.07106982006925e-07	0.000127995789626728	5.81841328212819	"ENSMUSG00000036109"
5.82381048061538	-2.21027555186739	8.61828110974822	1.0739575593541e-06	0.000157160155199952	5.81106933590127	"ENSMUSG00000002992"
-1.8650062682062	3.03474944970024	-8.51299766075178	1.23023239363859e-06	0.000169682513174696	5.80818071183271	"ENSMUSG00000037761"
2.95376611496359	2.2839370941179	8.50027431710989	1.25069931156806e-06	0.000170545168625525	5.79149077433863	"ENSMUSG00000058420"
6.31304423980133	-5.06687739736185	8.79166105012211	8.60915806030206e-07	0.000133013339490478	5.78302685369417	"ENSMUSG00000063651"
2.67275068899596	-6.0231237115886	8.55485755930211	1.1653764344463e-06	0.000164519161818166	5.78259577073886	"ENSMUSG00000040420"
7.36844863724945	-2.21468558132736	8.46551886633468	1.30847840973068e-06	0.000176419154576385	5.78243332711261	"ENSMUSG00000030789"
5.36633106760789	1.65888538543254	8.45918829813334	1.31930541880395e-06	0.000177215208102699	5.77718198721892	"ENSMUSG00000048163"
-1.54377545602056	4.37402910178382	-8.59426636831776	1.10763989832955e-06	0.000159268196745955	5.76824217240482	"ENSMUSG00000031987"
1.12241900896377	5.59005145067744	8.58458149068588	1.12154057972583e-06	0.000160215632260119	5.75437009316598	"ENSMUSG00000003402"
2.48750664815106	5.50052805880924	8.52954789389519	1.20414190687912e-06	0.000169141416169929	5.72350592147751	"ENSMUSG00000029762"
7.59648688644171	-3.14173592777252	8.47271650205309	1.29628335402139e-06	0.000176093979099683	5.71607468727062	"ENSMUSG00000015854"
1.70924595111609	4.22049160463403	8.443168140605	1.34713288469783e-06	0.000178949950982424	5.71306910781717	"ENSMUSG00000001333"
-1.6245515430765	4.55968333967829	-8.5273866113569	1.20751531863862e-06	0.000169141416169929	5.70681178675459	"ENSMUSG00000030787"
5.32473099213553	0.588789268788783	8.43981216416595	1.35304113269072e-06	0.000179073999028431	5.69758883680276	"ENSMUSG00000025577"
-1.92952557739396	4.88996883116909	-8.57636117746344	1.13348504694569e-06	0.000161281929664023	5.68659477738138	"ENSMUSG00000043067"
3.19152621284702	5.27747042958845	8.41495002344042	1.39768040022913e-06	0.000183631739882659	5.6468611548296	"ENSMUSG00000004891"
-1.7593949269246	7.12168690168103	-8.77645807519695	8.77657391199489e-07	0.000134210947801776	5.61537946892868	"ENSMUSG00000038776"
6.19553984085127	5.16653471100232	8.50892209417116	1.236749275899e-06	0.000169930294591939	5.61078194785506	"ENSMUSG00000009214"
1.42962374912123	5.81035140299614	8.44823990711048	1.33825605226801e-06	0.000178429183798504	5.5952656014519	"ENSMUSG00000005410"
5.31627069086531	-0.272974290329268	8.34617027975795	1.52954402181482e-06	0.000195950374524241	5.58182326558006	"ENSMUSG00000026271"
4.64485825281061	-2.33547538074421	8.45412478061608	1.32803411231986e-06	0.000177724535350939	5.57614533938627	"ENSMUSG00000049719"
6.48877871789124	1.70239572865157	8.30058790586207	1.62419234857655e-06	0.000203725785213963	5.57240639830939	"ENSMUSG00000015340"
-5.37008082784357	-0.588174715265482	-8.38402913007674	1.45539792872834e-06	0.000189829239261926	5.56955146926361	"ENSMUSG00000045318"
1.03511676604031	8.345914356373	8.80662275698474	8.44771944855851e-07	0.000131081660529594	5.56872332909906	"ENSMUSG00000050565"
5.55852521928433	1.85052259676388	8.29546730236579	1.63520822147877e-06	0.000204395349878522	5.56843842299288	"ENSMUSG00000029373"
3.88785953175879	5.0665931975008	8.3298127403147	1.56281533166079e-06	0.000198713685737902	5.55595562590284	"ENSMUSG00000073418"
-2.4313321397935	10.9142292722142	-9.20360180014869	5.15589815310745e-07	9.18847413929283e-05	5.54969595467694	"ENSMUSG00000021702"
1.55019620401662	4.33993540777384	8.32935172651555	1.56376413001564e-06	0.000198713685737902	5.54829036085801	"ENSMUSG00000037415"
7.38353123922966	-1.61334353473334	8.37318253679713	1.47624142128289e-06	0.000191162643614254	5.54535527082028	"ENSMUSG00000029299"
8.28924508048949	2.77282614112885	8.27632392598262	1.677100950086e-06	0.0002074706429627	5.52951372270546	"ENSMUSG00000026251"
2.51083946927329	2.55149559813528	8.26074500171363	1.7120366067863e-06	0.000210346777500682	5.52320139811249	"ENSMUSG00000059326"
2.15561821798608	4.51430670167629	8.29057246370105	1.64581280354414e-06	0.000205009048840088	5.51180364361037	"ENSMUSG00000040797"
1.67993313688808	4.73451647851903	8.3274552174259	1.56767373398051e-06	0.000198713685737902	5.5110514917972	"ENSMUSG00000030980"
-1.55425961559706	6.00189912416728	-8.5131477241769	1.22999313978411e-06	0.000169682513174696	5.5017020862263	"ENSMUSG00000032332"
4.09939996530467	0.376827734670627	8.26660691817458	1.69880121634341e-06	0.000209435428038173	5.50084845972604	"ENSMUSG00000052974"
4.51668272722677	-4.1876787328702	8.39019570611916	1.44368779612189e-06	0.000188986607173061	5.4867609181466	"ENSMUSG00000039956"
3.87743378072278	-4.52887011849229	8.34794693467112	1.52597597503115e-06	0.000195950374524241	5.48351663488072	"ENSMUSG00000073386"
4.72367326641783	1.61702491427149	8.23325031178058	1.775597563973e-06	0.000216677073577845	5.4778466328647	"ENSMUSG00000051048"
3.37533873074185	2.74117121654575	8.1985059546844	1.85953284024563e-06	0.000223884022461546	5.44278868355842	"ENSMUSG00000039997"
1.342342894544	4.46048822318084	8.23937483712411	1.76122482341715e-06	0.000215654191898619	5.40277022946527	"ENSMUSG00000001151"
3.41346742366562	-4.57215781846926	8.31456196615402	1.59453030315205e-06	0.000201408759239195	5.38911408520945	"ENSMUSG00000104213"
3.45015249609507	-1.92408735415722	8.22546263976536	1.79405387300898e-06	0.000218189680319089	5.36573169178879	"ENSMUSG00000021322"
1.48331615754831	4.24587804329239	8.19095604003129	1.878324555407e-06	0.000225392685566988	5.35507350544589	"ENSMUSG00000040599"
7.06170819393514	1.95170380724823	8.12847756692194	2.04181492587677e-06	0.000239424415363641	5.34750893414147	"ENSMUSG00000039109"
2.24074335327648	2.48084415765301	8.11951258856273	2.06648965840844e-06	0.000241261205764511	5.3425132727403	"ENSMUSG00000031438"
-2.14418293570247	5.24431080087353	-8.37548945812041	1.47178182717083e-06	0.000191162643614254	5.34158362694456	"ENSMUSG00000037379"
1.7958156456242	7.22510510793069	8.46661899478475	1.30660656132307e-06	0.000176419154576385	5.32658567307192	"ENSMUSG00000026837"
3.43638550122032	4.01710001031697	8.20440432706961	1.84499107888131e-06	0.000222878637076001	5.31813032402938	"ENSMUSG00000015396"
5.22678544931458	-2.93447604388827	8.14290458374547	2.00276277255284e-06	0.000237162687661611	5.30005839461293	"ENSMUSG00000099398"
2.96135166565976	5.79118835601259	8.18684488780139	1.88864211396858e-06	0.000225877832095532	5.28928894776367	"ENSMUSG00000030774"
1.61282120769266	6.95752175098783	8.3519875725621	1.51789414432114e-06	0.000195851868463859	5.27564901544281	"ENSMUSG00000027293"
5.57533524082421	2.51478887518227	8.07256406500559	2.20099567887518e-06	0.000254770557697195	5.2580158283039	"ENSMUSG00000079471"
1.83193216128761	4.5028817232257	8.11632902584039	2.07532811795542e-06	0.000241261205764511	5.2522432084122	"ENSMUSG00000031647"
5.0388564219375	0.2496591540533	8.06382949511864	2.22703203503918e-06	0.000256137144502797	5.21568855283302	"ENSMUSG00000003484"
1.76866391309517	3.8129303142221	8.05581947063656	2.25119681483471e-06	0.000257620125868737	5.20348036441787	"ENSMUSG00000033060"
1.7671560977221	6.46566068496648	8.27681457094997	1.676013086188e-06	0.0002074706429627	5.20230958771524	"ENSMUSG00000025666"
2.26462026318956	1.60094485473329	8.01193188223321	2.38864452314866e-06	0.000265397574656879	5.18137297800059	"ENSMUSG00000086075"
2.62324406894738	-6.04367807308576	8.05246642710002	2.26139503248759e-06	0.000257620125868737	5.17574210742393	"ENSMUSG00000056288"
3.22936758766209	-0.0480734737105925	8.11551850821552	2.07758476032664e-06	0.000241261205764511	5.16314702332507	"ENSMUSG00000026204"
-1.92710578725424	2.04208939546377	-7.98614902354193	2.47353207324731e-06	0.000273983634168707	5.15779532043357	"ENSMUSG00000037624"
3.75484441565832	1.73992813178744	8.01640938617374	2.37422132988265e-06	0.000265397574656879	5.15611024842698	"ENSMUSG00000090015"
2.22822943450305	6.28139318965361	8.13354260350824	2.02801297136847e-06	0.000238583133844096	5.10610676897903	"ENSMUSG00000047777"
-1.26124736535661	4.04667361850448	-8.04625609325759	2.28041370470468e-06	0.000258967233298624	5.09707055711609	"ENSMUSG00000001665"
5.07276519182312	-5.57600007751114	7.97179081725316	2.52219124411282e-06	0.000277119657469814	5.09550251568438	"ENSMUSG00000042385"
1.14607613695506	5.81720760814755	8.13589166269228	2.02164564478726e-06	0.000238583133844096	5.09369368532482	"ENSMUSG00000026918"
7.60473170036088	-0.173288290158346	7.97098908152362	2.52493812745073e-06	0.000277119657469814	5.08400595995432	"ENSMUSG00000053063"
2.27223316249313	3.18908771912414	7.92365207679802	2.69290009836053e-06	0.000290244642637367	5.07079156557015	"ENSMUSG00000033308"
1.55418087018909	5.5810665789321	8.05301934894893	2.25970995239625e-06	0.000257620125868737	5.04343702847044	"ENSMUSG00000024556"
4.86073952821478	-4.45607458208783	8.0139583790011	2.38210514168805e-06	0.000265397574656879	5.0362120298752	"ENSMUSG00000037086"
4.35006841362226	-1.2429129858909	7.90933481296549	2.74601142506052e-06	0.0002950855680321	5.0088735023327	"ENSMUSG00000022014"
5.73175098602913	0.384684378313316	7.90042105496459	2.77963973948062e-06	0.00029644683130616	4.98856088343415	"ENSMUSG00000025017"
4.96788717268677	-0.876773053258575	8.01621144284672	2.37485699494069e-06	0.000265397574656879	4.98511900835053	"ENSMUSG00000034538"
3.6758305341012	3.45382816045428	7.84746190026925	2.98868109353974e-06	0.000315511820194537	4.98261619589413	"ENSMUSG00000032503"
5.55616033640312	0.531853679482922	7.86144396506045	2.93191492194147e-06	0.000310429427279326	4.98255128616363	"ENSMUSG00000000682"
5.46428966639497	2.51794451088226	7.84174069295177	3.01224468047591e-06	0.000317069579685533	4.93900565043987	"ENSMUSG00000000290"
2.89229085126095	2.7410668859446	7.83470991511114	3.04147276587445e-06	0.000319212764136193	4.93824790968103	"ENSMUSG00000079547"
2.67032281788168	2.2968115217343	7.80942559182962	3.14910107836134e-06	0.00032764303387263	4.93388580744917	"ENSMUSG00000044350"
3.79488370487417	-4.29228164679161	7.89943576232312	2.78338367680997e-06	0.00029644683130616	4.92051519747872	"ENSMUSG00000038630"
-3.55285834529153	4.02670753882078	-7.95897140823099	2.56649629141942e-06	0.000280824620045008	4.91276227872189	"ENSMUSG00000089762"
-3.99360771004909	5.15521567511127	-8.02010649480492	2.36238182897479e-06	0.000265397574656879	4.90126741316336	"ENSMUSG00000026051"
3.87175773868824	1.28177716516512	7.8888874454805	2.82380312428014e-06	0.000299864568350917	4.90095465328199	"ENSMUSG00000048520"
3.82552268389883	-0.0373693801015064	7.94512233047924	2.61529173087821e-06	0.00028357797295146	4.84699535108296	"ENSMUSG00000066392"
4.2928234758687	-3.94193788178942	7.80659480613429	3.16140062150937e-06	0.000327974815486212	4.83595668812386	"ENSMUSG00000103538"
1.71357964738919	6.78430440960779	8.02600498574489	2.34362255298051e-06	0.000264476703086976	4.82833858148437	"ENSMUSG00000056091"
5.27150068149813	-0.834636239882045	8.06792279336251	2.21478999782316e-06	0.000255545593370628	4.82831048668419	"ENSMUSG00000037946"
1.13545663676224	6.41006165306296	7.95100169834026	2.59445706865819e-06	0.000282168761373493	4.80135773400435	"ENSMUSG00000039367"
4.57862676628351	-0.720249199628685	7.76776374754256	3.33537241387221e-06	0.000342079975860358	4.79402957148401	"ENSMUSG00000051212"
4.49114200184715	-5.41798399973151	7.72551966603154	3.53625393158879e-06	0.000355591076210237	4.78751033383262	"ENSMUSG00000060311"
5.85324774677111	0.834274804235209	7.70229416134798	3.65214138075166e-06	0.000361286803821987	4.76785581863283	"ENSMUSG00000026832"
3.74503338330091	-1.23888474120971	7.75284521835831	3.40489227392967e-06	0.00034720038814604	4.7660868426432	"ENSMUSG00000027863"
7.25971151681697	-3.39054907946457	7.71465140989758	3.589988674252e-06	0.000357994466161767	4.75924726551307	"ENSMUSG00000066361"
1.34083636348128	5.10410824960634	7.83117177862782	3.05629529196875e-06	0.000319835971556928	4.75026041490415	"ENSMUSG00000035232"
6.48309286381184	-4.34727345044642	7.74777531585769	3.42886717179003e-06	0.00034770644878104	4.75005932384746	"ENSMUSG00000020395"
2.17177377346399	4.02634730368919	7.67840079556884	3.77558320262547e-06	0.00036833934881115	4.71647464868969	"ENSMUSG00000030319"
5.59997007375132	-2.82486771977545	7.77771667118313	3.28983228039738e-06	0.00033843908814937	4.71228128538574	"ENSMUSG00000034959"
2.98134820116871	3.44125035681183	7.62065482957023	4.09259666781009e-06	0.000388731892993392	4.67941595619104	"ENSMUSG00000018983"
5.71181811538825	1.34863098485193	7.62326530193766	4.07767157111804e-06	0.000388731892993392	4.66751405798892	"ENSMUSG00000040747"
7.01237195666185	0.527679464785699	7.8120904571871	3.13756892677533e-06	0.000327389402304305	4.66117229735979	"ENSMUSG00000053687"
-1.1314863676423	4.28899869553909	-7.77757597318391	3.29047142565847e-06	0.00033843908814937	4.66002049914301	"ENSMUSG00000040605"
-2.36490662826978	3.24930996472095	-7.68523218025466	3.73984345903188e-06	0.000365844088808937	4.65738767293386	"ENSMUSG00000025213"
1.78005440191589	5.14554119494045	7.73407185318361	3.49457142572607e-06	0.000352383968500596	4.64931263547039	"ENSMUSG00000030403"
5.45308571544988	-4.14771811431873	7.63057558346233	4.03618271038207e-06	0.000388412974883212	4.64830002522236	"ENSMUSG00000030365"
-2.17304234494722	7.02967771694261	-7.95298891389421	2.58745496995374e-06	0.000282168761373493	4.63935962959054	"ENSMUSG00000035258"
1.34110423238544	4.56598130016938	7.69305572565	3.69935417413887e-06	0.000363860794849249	4.63602679466597	"ENSMUSG00000022957"
6.72005898659579	-2.4062669650633	7.6662280608943	3.84016989585666e-06	0.000373627773191741	4.62423761453983	"ENSMUSG00000029915"
-6.21439897136527	-5.99817395794407	-7.57756454792821	4.34752972132714e-06	0.000408633740047142	4.61891374118572	"ENSMUSG00000095247"
6.00795111689418	-1.27702051964886	7.64609851270204	3.94956373836335e-06	0.000382205228541242	4.57277353199158	"ENSMUSG00000087107"
4.25231489169471	-0.324414119602347	7.53880651518603	4.59126459984229e-06	0.000423797267512109	4.5679890993411	"ENSMUSG00000034641"
1.8286282225927	5.38938994376977	7.71783346064952	3.57416673192772e-06	0.00035740674495185	4.54760433254866	"ENSMUSG00000017057"
-2.23484999388192	4.8840865399925	-7.75086567723443	3.41423198988023e-06	0.00034720038814604	4.54286785129455	"ENSMUSG00000009630"
-1.08211901857723	6.93056793912092	-7.92593841504198	2.68452035709604e-06	0.000290210355360662	4.54284571363198	"ENSMUSG00000009281"
2.82603069414875	2.44352303311698	7.52181972427263	4.7026253885969e-06	0.000432966269473401	4.53385062191354	"ENSMUSG00000037703"
6.18473407013672	-3.99952042600655	7.51129116709514	4.77308498484235e-06	0.000437217013662442	4.53060757109229	"ENSMUSG00000044206"
1.30603890837877	5.96123335732099	7.7395911481921	3.46794841952686e-06	0.000350681671782436	4.52566244626694	"ENSMUSG00000004451"
2.35165607180653	4.32070136469992	7.62692500380453	4.05684490531735e-06	0.000388412974883212	4.49556652825594	"ENSMUSG00000073489"
7.47367743406581	-0.795984222910606	7.48184432592844	4.97616889366192e-06	0.000448965172939688	4.48869090875203	"ENSMUSG00000063193"
5.16826873249693	-1.18876405965003	7.70223017767814	3.65246615665866e-06	0.000361286803821987	4.4731472098217	"ENSMUSG00000022015"
-1.77020426147514	4.25090209080623	-7.62183343277194	4.08585095596599e-06	0.000388731892993392	4.46814161377408	"ENSMUSG00000009633"
4.28601036574079	-3.20624897879938	7.57346660592856	4.37263790447053e-06	0.000409923416466236	4.45287086673373	"ENSMUSG00000057135"
2.60676717192411	2.83601307148243	7.45641464228239	5.15893469158403e-06	0.000457429778232349	4.4479874276728	"ENSMUSG00000028654"
5.06080138786632	2.24498690447992	7.47100690047566	5.05320357114317e-06	0.00045330617090672	4.44588104165171	"ENSMUSG00000004266"
6.03255707726256	-3.40625014766312	7.79672073182382	3.20470402453517e-06	0.000331511897066786	4.43977340810026	"ENSMUSG00000028457"
5.52814842661007	-3.46029368356394	7.45948231733667	5.13651381681765e-06	0.000457429778232349	4.43147702042003	"ENSMUSG00000015437"
1.88492699413249	3.83933488638824	7.49315964561403	4.89706638919031e-06	0.000442938424483573	4.41569059632604	"ENSMUSG00000022946"
-3.94661943699206	1.98510455702856	-7.50200903814738	4.83613334998324e-06	0.000440749277129232	4.41419500174385	"ENSMUSG00000075014"
5.30849612274414	3.29675685100848	7.50872634917919	4.79041862095194e-06	0.00043769106582652	4.39489158816521	"ENSMUSG00000036905"
1.7721268328463	4.41486697358446	7.46028186769282	5.13068711500148e-06	0.000457429778232349	4.37127518396567	"ENSMUSG00000038252"
5.24030942969906	-3.43238957397443	7.49654821350139	4.87363842329055e-06	0.000442477843781575	4.36787734612199	"ENSMUSG00000097779"
6.9164593825737	-2.45083162515652	7.39223131694072	5.65266599490433e-06	0.000493908551336313	4.36668464440773	"ENSMUSG00000022651"
-1.93596119496539	3.22935765114149	-7.47590256540963	5.01824850953151e-06	0.000451629820236562	4.35337186847255	"ENSMUSG00000090946"
5.21080405105576	-1.74968252972872	7.70012902379615	3.66314851509834e-06	0.000361286803821987	4.35064855785407	"ENSMUSG00000104876"
5.19746270173532	-3.60629802531075	7.56089283479163	4.45064372193529e-06	0.000415074412813338	4.34530961615219	"ENSMUSG00000107546"
1.3654196717793	4.40349832192797	7.46977228041954	5.06205952122285e-06	0.00045330617090672	4.33042187374166	"ENSMUSG00000044768"
-2.3965104996943	5.47354412656451	-7.62692050661268	4.05687042851434e-06	0.000388412974883212	4.31106757021036	"ENSMUSG00000044172"
2.40181915831093	-5.65441493231221	7.36952329845782	5.83916088768934e-06	0.000505665881516853	4.2976447483919	"ENSMUSG00000110221"
-1.42766330471719	6.17736268123891	-7.7207775495112	3.55959398936432e-06	0.000356941013991995	4.29565391777021	"ENSMUSG00000020376"
1.4692065610736	5.51025946616058	7.54772959598453	4.53389246890755e-06	0.000420954493669362	4.29011669234821	"ENSMUSG00000025190"
1.32991079146577	7.72618113806216	7.75397591204336	3.39956971276069e-06	0.00034720038814604	4.28763391397393	"ENSMUSG00000021910"
-4.31214573314015	-4.33644932922124	-7.5472306981843	4.53708001732583e-06	0.000420954493669362	4.28693064836351	"ENSMUSG00000110534"
5.4257951373449	-1.81285350162643	7.54386322107048	4.55865779139563e-06	0.000421869207795504	4.25101611976246	"ENSMUSG00000021879"
1.97282369111185	4.00686029765661	7.34809966393449	6.02110253569226e-06	0.000515358860338924	4.25070019839748	"ENSMUSG00000024660"
1.7248843189475	3.3924656930114	7.34741643646666	6.02700297793514e-06	0.000515358860338924	4.24958538755821	"ENSMUSG00000029468"
1.49170530387343	3.92599318739147	7.36862347981598	5.84668407849864e-06	0.000505665881516853	4.24938918032158	"ENSMUSG00000046312"
2.41643116564116	4.31871781340053	7.36399621923632	5.88553443409018e-06	0.000506874052853619	4.24867354156484	"ENSMUSG00000074476"
1.67958410100909	4.56110121574661	7.39965116624581	5.59310767375787e-06	0.000489893632962553	4.24628723745989	"ENSMUSG00000017716"
6.08081882188838	-3.55296240530326	7.31071681067782	6.35314079788787e-06	0.000538287399497481	4.2427604648854	"ENSMUSG00000102037"
1.47628742871685	7.78262419502321	7.70104450879697	3.65849007315609e-06	0.000361286803821987	4.22528814202288	"ENSMUSG00000026553"
3.238321188866	1.82948176980177	7.27926022844505	6.64759728020405e-06	0.000553511986594582	4.21065548347449	"ENSMUSG00000044086"
6.05025388352682	-4.46735626674154	7.29632676311174	6.48608681935767e-06	0.000544271886736729	4.20195105820032	"ENSMUSG00000061068"
6.40827913376717	0.897063830031314	7.30074999675203	6.44491021750695e-06	0.000543349702388836	4.20042635360772	"ENSMUSG00000039070"
-3.74577804568071	-6.23146595275925	-7.27389337660147	6.69926458493589e-06	0.000554406496076108	4.19370175237438	"ENSMUSG00000078688"
4.31969263872084	-4.10960314687214	7.31007400971495	6.35901735454244e-06	0.000538287399497481	4.18473523933754	"ENSMUSG00000025163"
1.13791147343118	5.13313291912538	7.44793315916734	5.22146625436337e-06	0.000461836765825127	4.17667710983289	"ENSMUSG00000039239"
4.37816187185406	0.11807336884795	7.26444128053459	6.79129977005536e-06	0.00056073394592253	4.16376647367949	"ENSMUSG00000006235"
1.51423415367332	5.88630530005887	7.45760529678248	5.15022017940419e-06	0.000457429778232349	4.14902770836092	"ENSMUSG00000020235"
5.40966406030719	-0.662242354868663	7.24518014394667	6.98302325337154e-06	0.000572623813435358	4.14583682352922	"ENSMUSG00000024675"
2.6440967129545	7.80253565316777	7.57889945716671	4.33938380864906e-06	0.000408633740047142	4.1388239383807	"ENSMUSG00000034220"
-2.54137411233607	10.2123717393817	-8.1616514550671	1.95320090698775e-06	0.000232825428644543	4.13632224470281	"ENSMUSG00000000753"
4.5293537528929	1.14266160253879	7.29722484939575	6.47770385877215e-06	0.000544271886736729	4.12771316819238	"ENSMUSG00000037846"
3.87390718877942	-5.19277757024423	7.40321598706754	5.56473048006618e-06	0.000488596908663176	4.12751189916782	"ENSMUSG00000055748"
1.19580801104631	5.34480458068971	7.38019747027307	5.75069617343346e-06	0.000500046646249834	4.10060757157408	"ENSMUSG00000022426"
-3.25947187932785	7.05265429554817	-7.6395101554911	3.98608348814882e-06	0.00038470514608544	4.09391765979972	"ENSMUSG00000030862"
1.58753036560765	5.8527600855972	7.43548272329665	5.31472167947455e-06	0.000468933004263246	4.08673094121243	"ENSMUSG00000021360"
5.32747533153348	0.725887951657788	7.23112166323145	7.12658089665866e-06	0.000580429379409084	4.08182989418517	"ENSMUSG00000022876"
2.11530654988795	3.07226252796442	7.20555537788276	7.39573410308733e-06	0.000596786939024848	4.07365741548523	"ENSMUSG00000020836"
3.40088663660142	-5.77421442905155	7.19921153811524	7.4641758840496e-06	0.000597117483666448	4.07363998066804	"ENSMUSG00000040065"
4.23457878792515	-0.639056993157244	7.20195731412804	7.43447043333589e-06	0.000596786939024848	4.0709411282286	"ENSMUSG00000019880"
5.43184014878624	1.03820009015581	7.19389002417342	7.52210622200471e-06	0.000600417520811414	4.06142198899858	"ENSMUSG00000026971"
-1.08324909958906	9.67943867593558	-7.97642547554667	2.50637428948867e-06	0.000276769840635898	4.05889254331106	"ENSMUSG00000007872"
3.739171634809	0.99798936093927	7.17250261431864	7.75978499486503e-06	0.000609922489148791	4.05359624056813	"ENSMUSG00000090122"
1.27325884313583	7.16061477679264	7.5700267587903	4.39383284162608e-06	0.000410840489521291	4.04692248271403	"ENSMUSG00000000957"
4.59788202980385	-2.98087534693841	7.16407108271992	7.85566234670068e-06	0.000613440322817522	4.04460569945325	"ENSMUSG00000030427"
2.19951632514706	-6.07508536592113	7.16778723501265	7.81325099382214e-06	0.000611454831579572	4.02672732309027	"ENSMUSG00000082027"
1.34348978288853	6.01297766426322	7.39028209303917	5.66842360754134e-06	0.000494086153626829	4.02629574144637	"ENSMUSG00000009090"
5.78984250234278	-1.64565248568755	7.24587929036924	6.97596450073872e-06	0.000572623813435358	4.01816861564567	"ENSMUSG00000029245"
-1.21534237389465	4.82601416074132	-7.32590007358813	6.21599632450833e-06	0.000530259838118425	4.00580030839785	"ENSMUSG00000030498"
1.03480926608208	5.1962935364025	7.31335631076792	6.32907054703551e-06	0.000538287399497481	4.00338831189579	"ENSMUSG00000029763"
6.68725040028318	-4.06490815266312	7.20189099648687	7.43518641775168e-06	0.000596786939024848	3.99673901675213	"ENSMUSG00000015314"
3.8964942540038	-1.54535123809587	7.15436545470449	7.96758543416971e-06	0.00061815756044111	3.99525210223155	"ENSMUSG00000013707"
-1.02814105479819	6.27839792134452	-7.51394618813288	4.75521187942761e-06	0.000436691001141619	3.9946255417045	"ENSMUSG00000017344"
-2.22056656994241	1.25695845769367	-7.12520413658144	8.31415791716174e-06	0.000636811427361501	3.99032885603688	"ENSMUSG00000066720"
-1.47448933490098	4.1911324977505	-7.2880887482555	6.56352174778393e-06	0.000548213966121749	3.98798563509325	"ENSMUSG00000025104"
-2.88405551457477	3.71861424613856	-7.23809021913678	7.05503439294804e-06	0.000577214052526674	3.98283038161233	"ENSMUSG00000034926"
5.19954017691086	-2.65234218208637	7.11921373274394	8.38731095561692e-06	0.000639692387905198	3.98131765647857	"ENSMUSG00000004709"
1.53744181777488	4.01893005658109	7.19050203587445	7.55923637568827e-06	0.000601558994201457	3.96108182479313	"ENSMUSG00000035392"
5.79548381574437	2.28709693691526	7.15985455074603	7.90408022471738e-06	0.000614555041057454	3.95750576109702	"ENSMUSG00000021998"
6.83641422503442	-4.07773845567244	7.18489658405678	7.62109599786374e-06	0.000604299195654398	3.94640325499727	"ENSMUSG00000104262"
2.04407503056715	4.9415701429682	7.20643571727194	7.38628910738444e-06	0.000596786939024848	3.93201918146375	"ENSMUSG00000044030"
3.27311743133989	-4.48204623725128	7.0985991617094	8.64430975969304e-06	0.000651911435371418	3.92195659238674	"ENSMUSG00000050121"
1.9340669210887	2.93952462822324	7.08310835306811	8.84291994748485e-06	0.000660448703712671	3.92133256594499	"ENSMUSG00000111394"
3.42939920004441	-4.36936944212198	7.12363138482641	8.33329816988357e-06	0.000636922294729594	3.91903685700348	"ENSMUSG00000103375"
-1.80516014483272	3.13483871596504	-7.18180673421091	7.65542373504812e-06	0.000604358769820169	3.91550844621361	"ENSMUSG00000037434"
5.52871035272488	-1.03843595432505	7.11388646138254	8.45293941504653e-06	0.000643334811844101	3.91147196339541	"ENSMUSG00000043263"
5.36769868220957	-0.475622964628135	7.07623208465441	8.93262677411706e-06	0.000663021920085443	3.90320411289816	"ENSMUSG00000025877"
-2.22369029763591	2.2115333250867	-7.10978072849765	8.50389076493938e-06	0.000645203469977043	3.89245164060177	"ENSMUSG00000021379"
5.04039114495042	-4.78063694458491	7.1735871078178	7.74754327780785e-06	0.000609922489148791	3.88771544794796	"ENSMUSG00000043681"
-1.73416191355481	5.44548269431668	-7.36040524510114	5.9158729556467e-06	0.000508270908186935	3.88281307152351	"ENSMUSG00000032547"
4.88439786947206	-3.02491374946935	7.0799355813209	8.88419223118336e-06	0.000662157424700559	3.8640611348897	"ENSMUSG00000072596"
3.11018331622057	-0.610563194585264	7.0413619031341	9.40262814672721e-06	0.000692198794793523	3.86051512121462	"ENSMUSG00000027419"
4.3352833799359	2.18455670974085	7.13561358200777	8.18864529977056e-06	0.000631227070977389	3.84923648653053	"ENSMUSG00000036896"
4.81418955732667	-0.768049859950229	7.01807558341879	9.73104358662336e-06	0.000707692602171423	3.84242094984117	"ENSMUSG00000000982"
1.80947871957734	5.22107519187642	7.15018082959204	8.01636216832758e-06	0.000620604347736827	3.83446809328697	"ENSMUSG00000004099"
-1.46671960976887	6.99499616518486	-7.4956723039681	4.87968287956013e-06	0.000442477843781575	3.83184995356503	"ENSMUSG00000029394"
-3.05263365551716	5.32328992060858	-7.25839510183832	6.85087426384739e-06	0.000564358404174467	3.82307310888462	"ENSMUSG00000055148"
2.01772329428611	4.67180800127437	7.18953885930159	7.56982761669102e-06	0.000601558994201457	3.81721919356867	"ENSMUSG00000078922"
1.23305466790002	5.51091934746655	7.23217219694774	7.11574592918634e-06	0.000580429379409084	3.81261638145064	"ENSMUSG00000029178"
2.36108334774567	2.0515883793093	6.99107732335424	1.0127090932751e-05	0.000729130292976207	3.80122373077927	"ENSMUSG00000089901"
2.50799266318897	-5.69492145209739	6.99693213405209	1.00397768913172e-05	0.000725564430450831	3.79420276962494	"ENSMUSG00000098306"
2.21339748662815	4.79835698616244	7.13015916810981	8.25415977788679e-06	0.000634917730436211	3.77133102580159	"ENSMUSG00000004347"
2.94541452199266	2.99500670978377	6.97726365704265	1.03363016182104e-05	0.000738980111383768	3.76255040566986	"ENSMUSG00000015053"
5.07440311727396	-3.43415084633521	7.05048641802659	9.27716349735888e-06	0.000685767163740087	3.75912101198928	"ENSMUSG00000070323"
-2.21363617316486	0.413873766892796	-6.95544591792706	1.06761170990037e-05	0.000752112601657599	3.75124360471157	"ENSMUSG00000021974"
3.88155596144566	1.37496852611628	6.95862744957411	1.06258357218416e-05	0.000750681055470701	3.74742633537485	"ENSMUSG00000024965"
3.71563844011141	0.364061975724407	6.95804996488994	1.06349437009377e-05	0.000750681055470701	3.74155433625963	"ENSMUSG00000052821"
2.33988691323965	2.17023991266473	6.94660048348254	1.0817240813406e-05	0.000759083532245226	3.73949280830157	"ENSMUSG00000040528"
4.61431822244822	-0.451843907643741	7.028833978208	9.57782824512389e-06	0.00070365763060452	3.73776777512299	"ENSMUSG00000026494"
2.73634032106277	-5.80990494604045	6.96189084013639	1.05745212133864e-05	0.000750384136633715	3.72574986746478	"ENSMUSG00000050463"
1.93928086079778	2.28393075656519	6.93860298684417	1.09465379312641e-05	0.000765173629102092	3.72524701859138	"ENSMUSG00000051550"
1.07003518135272	6.15404926364143	7.20112458873662	7.44346608578451e-06	0.000596786939024848	3.71597511372417	"ENSMUSG00000049354"
3.76981936213263	-3.42369365375647	7.01979289539161	9.70641334919414e-06	0.00070733031206	3.71506078202952	"ENSMUSG00000047501"
1.35752854087669	5.15262380122749	7.10902233785389	8.51333782158102e-06	0.000645203469977043	3.70285248049849	"ENSMUSG00000002068"
1.85903149652245	3.20609614082933	6.9308699773108	1.10731168337653e-05	0.000772521575385112	3.6988708595821	"ENSMUSG00000002835"
1.99550826852301	3.18751081052411	6.94976568958134	1.07665160670911e-05	0.000756999632615646	3.69595196681814	"ENSMUSG00000025648"
1.66541589279277	5.17542171963644	7.09766312125024	8.65617561897658e-06	0.000651911435371418	3.694891333568	"ENSMUSG00000032300"
3.08523898810528	5.10194325851655	7.0767393797357	8.92597582748377e-06	0.000663021920085443	3.68581839056067	"ENSMUSG00000078920"
5.2734745013077	-1.69192554928711	6.91381101074983	1.13578643179841e-05	0.000777390129690884	3.68225085647242	"ENSMUSG00000074677"
1.11348419730884	5.23389985018458	7.09159379995113	8.73353448682369e-06	0.000654996891648262	3.68054285164196	"ENSMUSG00000040018"
1.86495717886076	4.01801589224607	6.98471762845116	1.02228468687944e-05	0.000734555418023409	3.67786299697525	"ENSMUSG00000009614"
4.53274708063588	3.24590670567041	6.92224978917144	1.12160473784745e-05	0.000775145162716225	3.67053302188753	"ENSMUSG00000059901"
3.20455638856193	1.80309145654432	6.90016121185177	1.15912900561464e-05	0.00078879933975655	3.66508380759789	"ENSMUSG00000006542"
1.55370324699692	2.88487849151311	6.91618307236724	1.13178099940773e-05	0.000777390129690884	3.66492075819138	"ENSMUSG00000045639"
-2.27698711209191	3.63553973228537	-6.99574551238104	1.00574085612091e-05	0.000725564430450831	3.66418017685391	"ENSMUSG00000032179"
3.5504179102971	1.81414781587174	6.88976042775332	1.17725632378809e-05	0.000799289916424005	3.65978966381259	"ENSMUSG00000034258"
2.95379811661938	4.49954563441731	6.96096529253335	1.05890480682776e-05	0.000750384136633715	3.658762822311	"ENSMUSG00000063506"
2.73047616406522	3.3028919972504	6.90636746467165	1.14845329033262e-05	0.000784500379481667	3.65234261940254	"ENSMUSG00000039376"
1.67208500081499	2.16453386842263	6.88877723529952	1.17898537631919e-05	0.000799289916424005	3.65010614857083	"ENSMUSG00000095432"
1.65623470338126	3.88151532550147	6.97181406366341	1.04200921885648e-05	0.000742797819200282	3.64998806041782	"ENSMUSG00000026383"
2.03695442094032	3.30926450701744	6.92005513106133	1.12527480502055e-05	0.000775145162716225	3.63759934420743	"ENSMUSG00000012519"
1.00014752640096	5.3441969388058	7.08377385646687	8.83428871354701e-06	0.000660448703712671	3.62390158536743	"ENSMUSG00000046798"
4.68104298655043	-0.654823707574707	6.8661998753854	1.21943919835217e-05	0.00081436026040805	3.62373824796633	"ENSMUSG00000025804"
7.65830885088755	-4.25885587188185	6.91375280340124	1.13588490851803e-05	0.000777390129690884	3.61995833525743	"ENSMUSG00000022225"
3.70413659133812	-3.36948791155022	6.87536986833789	1.20283401182527e-05	0.000809361151246687	3.60929711972904	"ENSMUSG00000026387"
6.93340910933407	-2.43446178366001	6.86714223174665	1.21772162459498e-05	0.00081436026040805	3.5940089292513	"ENSMUSG00000032691"
-2.50276444486212	2.76579081992129	-6.9229918147801	1.12036673859068e-05	0.000775145162716225	3.59119679291875	"ENSMUSG00000018509"
4.29766067672885	1.14961354382244	6.88439711001362	1.18672105681601e-05	0.000803022017374424	3.58799006547733	"ENSMUSG00000049130"
-2.39233734575727	1.72609772345561	-6.85669315434729	1.23691069250532e-05	0.000821541476374522	3.57641366606246	"ENSMUSG00000010476"
6.05408247025506	-3.32479502925569	6.83837326852949	1.27133099016164e-05	0.000835157742971327	3.57585099455233	"ENSMUSG00000030149"
3.56253835631412	-3.62073231256115	6.87000606415395	1.21251760256052e-05	0.000813596464595306	3.57232826898652	"ENSMUSG00000062585"
2.49624024230054	2.25440897238048	6.82358964986457	1.29984636874403e-05	0.000844875929157494	3.56441072924077	"ENSMUSG00000026167"
-1.9838369491136	2.2980967625147	-6.86503038510083	1.22157432323217e-05	0.00081436026040805	3.55929902999523	"ENSMUSG00000060470"
-3.61816163981826	-0.570331723258022	-6.88219017478422	1.19063904478822e-05	0.000804161631769816	3.55554863249037	"ENSMUSG00000001023"
2.6304311837051	1.52397589282839	6.82109424674225	1.30472605526631e-05	0.000846285284027602	3.55145470287211	"ENSMUSG00000051435"
5.35357231513972	-0.206776359345874	6.85367879157481	1.24250569913625e-05	0.000823737802268984	3.54754909676439	"ENSMUSG00000063063"
2.68669618376225	3.25315045502925	6.84559489807921	1.25764306113143e-05	0.000829192171385903	3.54735857499635	"ENSMUSG00000110631"
4.75316130316313	-5.14258820505169	6.9271171968505	1.11351027396817e-05	0.000775145162716225	3.53052760645881	"ENSMUSG00000049133"
2.71094382332187	4.15417180724281	6.82340524920804	1.30020629671172e-05	0.000844875929157494	3.52189940433943	"ENSMUSG00000029547"
1.56965073758757	5.28005610757863	7.02182721868367	9.677321895229e-06	0.000706640792913487	3.52057742919446	"ENSMUSG00000048583"
1.14538529504131	6.65434541822358	7.12856568927998	8.27340422514069e-06	0.00063504110597194	3.50959417411471	"ENSMUSG00000029998"
4.01585063184567	-4.30113401839708	6.82848796464968	1.29032396385352e-05	0.000841492253165995	3.50586599268949	"ENSMUSG00000078783"
-3.44680538159972	0.287202339119843	-6.78819087947022	1.37091311467167e-05	0.000874047446297669	3.50570725693134	"ENSMUSG00000097312"
-1.33245813157968	3.7832564576448	-6.94269468185308	1.08801833593535e-05	0.000762015020920947	3.50414223716614	"ENSMUSG00000038467"
7.72300670410826	1.70657612266916	6.81407370167008	1.31855884954747e-05	0.000852186714988497	3.50133813075877	"ENSMUSG00000045868"
1.01309054222544	5.90980405077793	7.06139686739426	9.12946708510187e-06	0.000676238036206959	3.49682022226302	"ENSMUSG00000026749"
5.46650286235846	-0.575199200913728	6.77174630395551	1.40531601523171e-05	0.00088598898830694	3.48600169867234	"ENSMUSG00000030223"
1.23364816731814	5.75557361978851	7.02391710565637	9.647532068677e-06	0.000705897371829885	3.48513715067339	"ENSMUSG00000052914"
6.08670710206189	1.41802984234105	6.76433492333299	1.42111866565043e-05	0.000891269178479962	3.47629820442601	"ENSMUSG00000026395"
1.56368026604214	5.32243207809472	6.97662991638877	1.03460089485102e-05	0.000738980111383768	3.47543263762041	"ENSMUSG00000026317"
6.25665170615373	-4.42526790830112	6.77705649201225	1.39410799525429e-05	0.000881616547072703	3.47439611050984	"ENSMUSG00000051504"
2.06798947390933	4.60693017251808	6.86938264662401	1.2136484388113e-05	0.000813596464595306	3.46656814228353	"ENSMUSG00000035692"
-1.72728515322309	7.5695628053183	-7.29208455026739	6.52584059104986e-06	0.000546334268458614	3.45922282506446	"ENSMUSG00000006205"
4.24954016302708	0.289750563043469	6.74842583202464	1.4556789263429e-05	0.000905060201544355	3.45487369444384	"ENSMUSG00000079419"
5.50342628789643	-3.67825342519687	7.02650124337926	9.61083137591815e-06	0.000704644233608305	3.449321131057	"ENSMUSG00000031552"
1.15136862579591	7.53144707211587	7.16794995012794	7.81139953188039e-06	0.000611454831579572	3.42952172859359	"ENSMUSG00000058013"
3.85113999903742	-4.94939663781904	6.83586535762313	1.27612133221557e-05	0.000836777629115273	3.42618251225957	"ENSMUSG00000109719"
1.48911629649581	3.82379657776698	6.8443638833951	1.25996525707217e-05	0.000829204557391975	3.42051976157459	"ENSMUSG00000035296"
6.73573761244765	-1.47712174661599	6.76905787343658	1.41102671876158e-05	0.000888034105746471	3.41995588716382	"ENSMUSG00000049037"
1.2915136689455	5.51763624623405	6.92300452599797	1.12034554374575e-05	0.000775145162716225	3.40870141886367	"ENSMUSG00000061273"
-3.26011031716281	-5.81221856612261	-6.78375218532602	1.38011034638998e-05	0.000874693527459381	3.40126230044405	"ENSMUSG00000095457"
3.05428795184695	-5.34113834058341	6.72922690793792	1.49857424624984e-05	0.000923752984430618	3.3951878232798	"ENSMUSG00000058252"
-1.69458730371625	7.04441933887692	-7.18283562492463	7.64397474817181e-06	0.000604358769820169	3.38855643962507	"ENSMUSG00000025134"
4.95517773539821	-5.60736746221397	6.72115259846039	1.5170120836096e-05	0.000927180271610558	3.37275529002253	"ENSMUSG00000067594"
2.93489132185694	3.1140117480533	6.70431626698121	1.55623471477487e-05	0.000944736821200348	3.37146200146726	"ENSMUSG00000034311"
6.61103221494789	0.544752894051135	6.70205105771561	1.56159319020752e-05	0.000946393825829636	3.3692186511857	"ENSMUSG00000023992"
1.25430369280481	5.67352616311565	6.92135939653064	1.1230921863789e-05	0.000775145162716225	3.36756314177644	"ENSMUSG00000028221"
2.18218890873993	-5.99526024645899	6.69417279621501	1.58038218126482e-05	0.00094828091974608	3.36666915601874	"ENSMUSG00000105760"
1.21129839417931	6.43686681615742	6.99704527819245	1.00380974264067e-05	0.000725564430450831	3.36420733235966	"ENSMUSG00000071054"
5.04352797361692	0.117391386235366	6.68821513040003	1.59474948713088e-05	0.000955231061351488	3.36359414763949	"ENSMUSG00000035004"
7.30805701219259	-3.5637381398697	6.78894962547769	1.36934745318333e-05	0.000874047446297669	3.35763354181819	"ENSMUSG00000104835"
3.81864438588557	2.7118636014678	6.69672282046521	1.5742745420492e-05	0.00094828091974608	3.35578502701076	"ENSMUSG00000028348"
2.6248078674743	1.86576157279169	6.67883496098919	1.61765115749922e-05	0.000958926156691727	3.35334266597093	"ENSMUSG00000042182"
1.26033472483258	4.25532239559483	6.80274558303543	1.34120738130375e-05	0.000863723157773772	3.34173889552876	"ENSMUSG00000053581"
8.10282383161345	3.03996922904204	6.72927357616412	1.49846837040722e-05	0.000923752984430618	3.34170143791139	"ENSMUSG00000020908"
7.55245289735728	-4.23152114799258	6.79210467341229	1.36285732861194e-05	0.000874047446297669	3.33633415624437	"ENSMUSG00000069303"
1.37285988027729	4.64556154615488	6.83441034187095	1.27890930450286e-05	0.000837081019141787	3.33470520857052	"ENSMUSG00000029108"
2.05167834331445	3.80252262290376	6.75837581224189	1.43396115956859e-05	0.000896200829571351	3.32972616305953	"ENSMUSG00000040852"
5.15463226088031	-1.67803697401555	6.72117428234341	1.51696224781024e-05	0.000927180271610558	3.32901476825684	"ENSMUSG00000099974"
1.35017732756667	5.15230082574502	6.84681178980956	1.25535196074298e-05	0.000829192171385903	3.32009446811166	"ENSMUSG00000049502"
-1.10627867074686	3.50087418920882	-6.79205857530683	1.36295192043645e-05	0.000874047446297669	3.31545237599417	"ENSMUSG00000028167"
2.19856397906578	2.48129618928197	6.65345155464172	1.68138689026284e-05	0.00098580206290834	3.30242416324584	"ENSMUSG00000029263"
6.0121906584765	1.07352626956684	6.64361205120969	1.70680286435159e-05	0.000997454485613522	3.30064691563033	"ENSMUSG00000024672"
2.05910615781521	2.64955805429643	6.69411866554039	1.58051210269076e-05	0.00094828091974608	3.30013300759809	"ENSMUSG00000035273"
1.18161494776524	6.7722706684717	6.99743189591087	1.0032360878927e-05	0.000725564430450831	3.287039442718	"ENSMUSG00000078622"
-3.01620847268419	4.0422449621148	-6.75683761233253	1.43729604473088e-05	0.00089672825501329	3.27880006587729	"ENSMUSG00000027966"
1.75955381844594	3.18764550812244	6.67092612153092	1.63723094383608e-05	0.000966207815527132	3.27400785593781	"ENSMUSG00000024791"
3.43868078810022	-4.98545876351166	6.68419637393667	1.60451899046573e-05	0.000957546523882053	3.26191953991377	"ENSMUSG00000040197"
3.94236451734255	-4.51570360860878	6.7338497256974	1.48812484318662e-05	0.000920464024568304	3.24849879795547	"ENSMUSG00000045589"
1.45890273442265	3.39956913919008	6.68334576595153	1.60659490659396e-05	0.000957546523882053	3.23559331514864	"ENSMUSG00000025429"
4.4911915200462	-1.59464866101212	6.69737821537471	1.57270882388912e-05	0.00094828091974608	3.23521114186897	"ENSMUSG00000031957"
2.76006282082166	4.803776292075	6.77618940450619	1.39593164207739e-05	0.000881616547072703	3.23471452005579	"ENSMUSG00000044258"
6.23124933531763	1.13571792711556	6.64080824446818	1.71411941875829e-05	0.000998488429706791	3.2266145614057	"ENSMUSG00000040751"
7.09517894077349	-3.6876009375121	6.7196791722691	1.52040250272642e-05	0.000927677452468616	3.22649206453422	"ENSMUSG00000030713"
1.29190516767902	4.2203912099298	6.7247519928329	1.50876331751581e-05	0.000927159761140693	3.21945472607353	"ENSMUSG00000051864"
2.33422533607307	4.47600556113969	6.69713510526959	1.5732894140867e-05	0.00094828091974608	3.20224960258045	"ENSMUSG00000039501"
1.86238515020777	7.15451932547171	6.96137409690599	1.05826291081656e-05	0.000750384136633715	3.19997610989582	"ENSMUSG00000046618"
1.6217292661242	5.33651900790474	6.80892679948949	1.32879854757552e-05	0.00085726557193855	3.19827199103365	"ENSMUSG00000020325"
1.69566556361781	3.93382837020116	6.65780883209185	1.67025999210527e-05	0.000980875847566028	3.19719455019806	"ENSMUSG00000025574"
-1.98532556539052	4.93838098826436	-6.87593504929822	1.20181843764747e-05	0.000809361151246687	3.19425851197922	"ENSMUSG00000035329"
1.25500723776017	5.80632689359774	6.78658407512799	1.37423499153999e-05	0.000874047446297669	3.16037886856979	"ENSMUSG00000029577"
1.97557892997004	5.56467789835553	6.75871067381214	1.43323625104066e-05	0.000896200829571351	3.14660133743283	"ENSMUSG00000038271"
1.46863697826069	4.56237881280389	6.68477606189663	1.60310588318133e-05	0.000957546523882053	3.1450323781208	"ENSMUSG00000058230"
1.68911137395311	5.44087756373537	6.72453818291236	1.50925197930066e-05	0.000927159761140693	3.14112016138365	"ENSMUSG00000051853"
6.65884289577819	-3.48975709262211	6.67102423454846	1.63698651701803e-05	0.000966207815527132	3.13877123763932	"ENSMUSG00000049241"
1.0567875056718	6.15684068347629	6.8184764036248	1.30986602153708e-05	0.000848091131462469	3.13487810765176	"ENSMUSG00000041846"
1.10120030833819	5.16364077588775	6.75230033335673	1.44718097173722e-05	0.00090133335296831	3.1292483619503	"ENSMUSG00000049659"
-1.44724170339855	3.77728635101499	-6.68170103818792	1.6106169424303e-05	0.000958357013397496	3.10147502102264	"ENSMUSG00000023965"
2.25061407409509	4.09295032035163	6.65979534142123	1.66521304783341e-05	0.000979509877597302	3.10125681728154	"ENSMUSG00000015243"
-2.21619935805851	3.44758514851662	-6.63864053442246	1.71979881120857e-05	0.000999372281760442	3.04763272284884	"ENSMUSG00000016940"
2.9873658725989	4.82659223496269	6.67928313983776	1.61654905144762e-05	0.000958926156691727	3.03311338011986	"ENSMUSG00000025993"
2.10495415263917	5.41299659691573	6.66922035352403	1.6414866631089e-05	0.000967133852459205	3.03082554128679	"ENSMUSG00000020092"
-1.66502518794506	5.20447151763559	-6.78847718109139	1.37032211288485e-05	0.000874047446297669	3.02491832360675	"ENSMUSG00000022656"
1.39364004766857	5.4359449748752	6.69595567886077	1.5761093149472e-05	0.00094828091974608	3.00408023157054	"ENSMUSG00000024776"
1.45444481805603	6.43125606554316	6.74042214083699	1.47340112453384e-05	0.000914472704294047	2.98365711788681	"ENSMUSG00000037933"
1.67712651198868	6.50095580836492	6.70928783990455	1.54454228159636e-05	0.000939222594513297	2.94367036210227	"ENSMUSG00000031955"
1.31706013669199	7.82311802026807	6.85892423364643	1.23278673505243e-05	0.000820315890483408	2.89108515374799	"ENSMUSG00000004105"
1.504678410634	6.99663922916832	6.91953590701558	1.1261449487502e-05	0.000775145162716225	2.73595175992455	"ENSMUSG00000069917"
1.54856194459462	9.66721571896762	6.90274068948822	1.15467919514537e-05	0.000787259400493147	2.66455669203155	"ENSMUSG00000039952"
-1.24212384607706	7.50927563610172	-6.63811109500035	1.72118896272528e-05	0.000999372281760442	2.44134270123177	"ENSMUSG00000027848"
-1.22182094298997	11.6933294666361	-6.82917960811422	1.28898535985525e-05	0.000841492253165995	1.81268711289875	"ENSMUSG00000026879"
